utterance_id,speaker_id,duration_s,reference,hypothesis,categories
369ede6b6e,c0b4e,4.0,अतिरिक्त सुविधाहरूको,अतिरिक्त सूइदाहरूको,oov_rare_vocabulary;phonetic_confusion
008520f056,c0b4e,5.3,अधिक भारी बाउन्ने,अदिक बारी बाउन्ने,oov_rare_vocabulary;phonetic_confusion
d92d49b8b1,c0b4e,2.9,अध्ययन गर्नमा तथा,अजन गर्नमा तथा,oov_rare_vocabulary;phonetic_confusion
8e6c9c50fb,c0b4e,4.7,अमेरिकी उपन्यासकार तथा लेखक,अमेरिकी उपन्यासकार तथालेकक,oov_rare_vocabulary;phonetic_confusion
792b69e1a2,c0b4e,3.7,अस्ट्रेलियन कोर बन्यो,अस्ट्रेलियन कोर बन्य,oov_rare_vocabulary
8561fc9dc0,c0b4e,6.4,आइतवार अथवा आदित्यवार,आइतवार अथवा आदित्यो वार,oov_rare_vocabulary
1c70df707e,c0b4e,3.9,आकार पुच्छरका रूपमा,आकार पुचरका रूपमा,oov_rare_vocabulary
890bbd5208,c0b4e,2.8,आठ हजार पाँच सय,१९५३३३,dialect_accent;noise_degradation;oov_rare_vocabulary;phonetic_confusion
14f37caf90,c0b4e,6.0,आदिका भक्तिरसले परिपाक,आदिका बक्तिरसले परिपाक,oov_rare_vocabulary;phonetic_confusion
da7da59da7,c0b4e,10.2,ईपू ८७१ वा वर्ष,ईपू ५५ वा बर्ष,oov_rare_vocabulary;phonetic_confusion
3115f13115,c0b4e,3.6,उनका बाबुको हिंसा,उनका बाबूको इंसा,oov_rare_vocabulary;phonetic_confusion
067eef8636,c0b4e,4.0,उनले आफ्नो राजनीतिक जीवनमा,उनले आफ्नो राजनीतिक जीवनमा,other
843d3a6147,c0b4e,3.3,उनले नेपाल प्रज्ञा,उनले नेपाल प्रज्या,oov_rare_vocabulary;phonetic_confusion
7e3a7304fa,c0b4e,3.8,कतिपय व्यक्तिले,कतिपाए व्यक्तिले,oov_rare_vocabulary;phonetic_confusion
8868e24710,c0b4e,4.8,काभ्रेको टुकुचा गाविसको,कावरेको चूँका गाविसको,oov_rare_vocabulary;phonetic_confusion
74d1f0c27b,c0b4e,2.5,कालो गुराँस,काल गोरास,noise_degradation;oov_rare_vocabulary;phonetic_confusion
1f8517a737,c0b4e,3.9,किताबमा प्रस्तुत सामग्रीहरू,कितामा प्रस्तुचामा ग्र्यहरू,noise_degradation;oov_rare_vocabulary;phonetic_confusion
3d71d004f1,c0b4e,3.5,कुनै ठाउँमा रहने,कुने ठामा रहने,oov_rare_vocabulary;phonetic_confusion
13451f960b,c0b4e,3.2,केन्द्रीय सल्लाहकार,घिन्रिय सल्नाकार,noise_degradation;oov_rare_vocabulary;phonetic_confusion
12bc4748aa,c0b4e,4.1,क्षेत्रीय कार्यालय छन्,स्रेच्त्रीकार्यालाई छन्,oov_rare_vocabulary;phonetic_confusion
32e48bd128,c0b4e,3.8,चिहानमा गाडिन्छ,जिहानमा गाडिन्छ,oov_rare_vocabulary;phonetic_confusion
37f8f29b00,c0b4e,4.8,चौधरीले कृषि तथा,क्रिषी तथा,dialect_accent;oov_rare_vocabulary;phonetic_confusion
3c64d80d13,c0b4e,3.7,जनगणनाका अनुसार,जन्गन्नाका अनूसार,noise_degradation;oov_rare_vocabulary;phonetic_confusion
d473b8a27c,c0b4e,3.5,जावी एकमात्र खेलाडी,जावी एक मात्र खेलाडी,oov_rare_vocabulary
39e8a03993,c0b4e,3.9,जिम्मेदारी समेत वहन,जिम्मेदारी सम्य बहन,oov_rare_vocabulary;phonetic_confusion
3111c42c6e,c0b4e,5.1,जिल्लामा सीमा नदीको,जिल्लामा सिमान न दिको,noise_degradation;oov_rare_vocabulary;phonetic_confusion
d81fc8e28a,c0b4e,4.6,जो ज्योतिष र शरीर,जो जोतिस र सरीर,oov_rare_vocabulary;phonetic_confusion
1942dc7cd2,c0b4e,4.5,ज्येष्ठा नक्षत्रमा जन्म,जस्ताना क्षेत्रमा जन्म,oov_rare_vocabulary;phonetic_confusion
71de923be5,c0b4e,3.9,डिनो मोरिया भारतीय,दिनो मोरिया बारतिय,oov_rare_vocabulary;phonetic_confusion
77e5f82f01,c0b4e,3.3,तथा अनिष्टकार धारा,तथा अनिस्तकार दारा,oov_rare_vocabulary;phonetic_confusion
87f45f2b53,c0b4e,5.0,त्यसलाई निरन्तरता दिएनन्,त्यसलाई निरन्तर्ता दिएनन,oov_rare_vocabulary
d9c900b8f6,c0b4e,3.6,त्यसैले उनलाई नेपाल,यसेले उनलाई नेपाल,oov_rare_vocabulary;phonetic_confusion
db7c003337,c0b4e,4.8,दिल्लीमा धेरै राजाहरूको,डिल्लीमा देरे राजाहरूको,oov_rare_vocabulary;phonetic_confusion
0b06d9191e,c0b4e,2.7,देव पनि हुन्,देवा पनि उन,oov_rare_vocabulary;phonetic_confusion
726e73a9fb,c0b4e,2.8,धर्महरू आफ्नै,दर्महर्व आफ्नै,oov_rare_vocabulary;phonetic_confusion
da21b7beed,c0b4e,3.0,धेरै महत्त्वपूर्ण छ,देरै महत्त पूर्नसा,noise_degradation;oov_rare_vocabulary;phonetic_confusion
106c72c095,c0b4e,3.2,ध्यान दिइनेछ,ज्यान दिईन्ने छ,noise_degradation;oov_rare_vocabulary;phonetic_confusion
8594b63d80,c0b4e,3.4,न कुनै अणु हो,नकुने अनु हो,oov_rare_vocabulary;phonetic_confusion
7027c4949e,c0b4e,3.9,नारायणको मन्दिर रहेको,नारायनको मन्दी रहेको,oov_rare_vocabulary;phonetic_confusion
12ac3fb6d9,c0b4e,2.4,निर्णय लिए,निर्नायल यलिए,noise_degradation;oov_rare_vocabulary;phonetic_confusion
398ca9b579,c0b4e,2.6,नै यस्तो भयो,नै यस्तो भयो,other
7414499248,c0b4e,4.7,पहिलो टेलिफिल्म महको,पहिलो तेली फिलिममहको,oov_rare_vocabulary;phonetic_confusion
16a278ced5,c0b4e,3.8,पाइने मुसाको,पाइने मूसाको,oov_rare_vocabulary;phonetic_confusion
1007d6ff37,c0b4e,4.0,पुगेका छन्,पुगिएका छन्,oov_rare_vocabulary;phonetic_confusion
81465bab45,c0b4e,3.7,पूर्वी एशियाका नैं,पूर्वी एस्याका न नै,noise_degradation;oov_rare_vocabulary;phonetic_confusion
da1ef1d0c3,c0b4e,5.1,प्राय निश्चित तारतम्य,प्रायनिस्थार पम्य,noise_degradation;oov_rare_vocabulary;phonetic_confusion
1de99905bb,c0b4e,4.1,फिर्ता बोलाउन सुरुवात,फिर्ता बलाउन सूर्वात,oov_rare_vocabulary;phonetic_confusion
de87be87ff,c0b4e,2.8,बस्ती बसाउने,वस्ति बस आउने,noise_degradation;oov_rare_vocabulary;phonetic_confusion
197b94deb8,c0b4e,3.1,बारेमा जानकारी छ,वार्यमा जानकारी छ,oov_rare_vocabulary;phonetic_confusion
1f5eff30f1,c0b4e,3.1,बोट नेपालको महाभारत,वोटनेपालको महाबारत,noise_degradation;oov_rare_vocabulary;phonetic_confusion
0fe3c78680,c0b4e,2.8,भएको र जापानी,भएको र जापान,oov_rare_vocabulary
174af0fcf2,c0b4e,4.3,भरतमुनि एकजना,परतमूनी एक जाना,noise_degradation;oov_rare_vocabulary;phonetic_confusion
7d84d2f87d,c0b4e,3.5,भारतीय मूलकी अमेरिकी,भारतिय मूलुकी अमेरिकी,oov_rare_vocabulary;phonetic_confusion
d4f0ad05d9,c0b4e,4.0,महत्त्वपूर्ण पक्ष मानिन्छ,महत्त पुर्ना पच्चामानिन्छ,noise_degradation;oov_rare_vocabulary;phonetic_confusion
0636c7bef7,c0b4e,3.5,महिला तथा बालबालिकाहरूको,महिलातथा बालबालीका आरूँँको,noise_degradation;oov_rare_vocabulary;phonetic_confusion
850fcfe936,c0b4e,5.0,मात्र गरेनन् बाँकेको,मात्र गरेननमाकेको,oov_rare_vocabulary;phonetic_confusion
88080c4f26,c0b4e,3.2,मेरो विचारमा यो,मेरो विचारमा यो,other
d7bb62bc80,c0b4e,3.7,यदि कुनै सामग्रीको,एदिकुनै सामा ग्रिको,noise_degradation;oov_rare_vocabulary;phonetic_confusion
1552d200a8,c0b4e,3.1,यसको प्रयोग हुन्छ,यसको प्रय गुन्छ,oov_rare_vocabulary;phonetic_confusion
06aa32bd2f,c0b4e,3.6,यस व्यवस्थाबाट जङ्गी,यस र्योस्थाबाट जङ्गी,oov_rare_vocabulary;phonetic_confusion
3153ef9297,c0b4e,3.1,यस्तो कुनै ग्रन्थ,स्तकुनाई ग्रन्था,noise_degradation;oov_rare_vocabulary;phonetic_confusion
83518ac30c,c0b4e,3.2,या कुमारी देवीको,या कुमारी देवीको,other
345f9e08dd,c0b4e,3.5,यो सङ्क्रमण सीधा,यो संग्रमन सिदा,oov_rare_vocabulary;phonetic_confusion
8d3169cc31,c0b4e,3.5,र एक अन्य फिल्मको,र एक अन्य फिल्मको,other
19b3e4dc58,c0b4e,4.3,र बाहिड राई बोलिन्छ,र बाहिट राई बोझुन्छ,oov_rare_vocabulary;phonetic_confusion
7dc96755d1,c0b4e,4.7,रसायन चिकित्साद्वारा,रसायन जिगित्सा द्वारा,noise_degradation;oov_rare_vocabulary;phonetic_confusion
14995fad3b,c0b4e,3.6,राजकाज गर्ने काममा,राजकास गन्ने काममा,oov_rare_vocabulary;phonetic_confusion
752fed6774,c0b4e,4.6,राजकीय प्रज्ञा प्रतिष्ठानको,रासकीय प्रङ्या पतिस्थानको,noise_degradation;oov_rare_vocabulary;phonetic_confusion
830dc9c54b,c0b4e,3.5,लेख पहिल्यै थियो,लेक पहिल्ले यी चियो,noise_degradation;oov_rare_vocabulary;phonetic_confusion
8198bb6c41,c0b4e,5.2,विमानहरू मात्र अवतरण,विमानहरूमात्र अवतरन,noise_degradation;oov_rare_vocabulary;phonetic_confusion
76365e5adc,c0b4e,2.7,विशेषता छ,विष्यस तासा,noise_degradation;oov_rare_vocabulary;phonetic_confusion
18beb42c04,c0b4e,5.3,शब्दमा विकार भई,सब्दमा विकार भई,oov_rare_vocabulary;phonetic_confusion
71a3225810,c0b4e,5.9,श्रीकृष्णद्वारा नरकासुरको,स्रिकृस्न द्वारानर्का सूरको,noise_degradation;oov_rare_vocabulary;phonetic_confusion
8d8670953f,c0b4e,3.4,सक्रिय मित्रहरू भेट्न,सक्रिय मित्रहरू पेट्न,oov_rare_vocabulary;phonetic_confusion
da00a33ed1,c0b4e,3.4,सबै सम्झौताहरू,सबै सम्जूताहरू,oov_rare_vocabulary;phonetic_confusion
dd3c82d451,c0b4e,4.5,सम्मानयुक्त बनाउन,सम्मान्यूक्त बनाउन,oov_rare_vocabulary;phonetic_confusion
1525eb90ad,c0b4e,3.4,सम्मानित गरेको थियो,सम्मानि गरेको चियो,oov_rare_vocabulary;phonetic_confusion
1ee130a4c6,c0b4e,3.0,साथै केही लामा,सातैक यहीलामा,noise_degradation;oov_rare_vocabulary;phonetic_confusion
dda644689e,c0b4e,3.0,सामूहिक खेल हो,साम हो खेलो,noise_degradation;oov_rare_vocabulary;phonetic_confusion
da27d6946e,c0b4e,3.5,सामेल गरिएका थिए,सामेल गर्यका थिए,oov_rare_vocabulary;phonetic_confusion
0aa1764bc8,c0b4e,3.2,सुकीलाई सात वर्षको,सुकिलाई साद बर्षोको,noise_degradation;oov_rare_vocabulary;phonetic_confusion
34b4c22b4e,c0b4e,2.8,हत्या गर्ने उनको,अत्यागर्ने उनको,oov_rare_vocabulary;phonetic_confusion
0fc473136d,c0b4e,2.8,हामी आफ्ना अनेक,हामी आफना अनिक,oov_rare_vocabulary;phonetic_confusion
0098d95c74,da6d1,3.5,१ हजार अमूल्य,एक हजार अम्मूल्य,oov_rare_vocabulary;phonetic_confusion
7540075c73,da6d1,2.5,४ ओभरमा,कार वरमा,noise_degradation;oov_rare_vocabulary;phonetic_confusion
729704043b,da6d1,4.7,७५ बल खेल्ने क्रममा,पचतर बल खेल्नेक्रममा,oov_rare_vocabulary;phonetic_confusion
13033862c9,da6d1,3.7,अन्तर्गत गरिन्छ,अन्तर्गत गरिन्छ,other
10191c29d5,da6d1,4.1,अस्वीकार गरिदिए कि,अस्विकार गरिदि एकी,noise_degradation;oov_rare_vocabulary;phonetic_confusion
da0f333bdf,da6d1,3.7,आठौँमा ६२,आठमा बैसत्थि,noise_degradation;oov_rare_vocabulary;phonetic_confusion
1d05fd7111,da6d1,3.3,आफ्नो सेवाहरू दिए,आफ्नो सेवाहारू दिए,oov_rare_vocabulary
0b19fd1369,da6d1,3.5,आमा किरण यादवको,आमा किरन यादवको,oov_rare_vocabulary;phonetic_confusion
783b648676,da6d1,4.7,ईपू ९०२ का अनुसार,ईपून अछे दूईका अनुसार,phonetic_confusion
3bec3f16d5,da6d1,3.9,उत्तर पश्चिममा मध्यप्रदेशको,उत्तर पसिमा मत्य प्रदेसको,noise_degradation;oov_rare_vocabulary;phonetic_confusion
36e2f4ca9f,da6d1,4.0,उनी देवता हुन्,उनी देवता हुन,oov_rare_vocabulary
7538619a18,da6d1,3.2,उनीलाई यस कामको,उनुना यस कामको,oov_rare_vocabulary;phonetic_confusion
89ff503522,da6d1,4.1,उपलब्धिहरूलाई अचेल,उपूलाप्यहरूलाय अछल,noise_degradation;oov_rare_vocabulary;phonetic_confusion
047911be4d,da6d1,4.1,एक बायोग्राफरले उनलाई,एक बाएक्राफरले उन्नाइ,oov_rare_vocabulary;phonetic_confusion
8ad7a75444,da6d1,4.6,एक मध्यस्थकर्ताको सहयोगले,एकमा देस्तकर्ताको सयोकले,noise_degradation;oov_rare_vocabulary;phonetic_confusion
17d5cab8c0,da6d1,3.6,कतिपय यस्ता नेपालीहरू,कदिपायस्था नेपालीहरू,oov_rare_vocabulary;phonetic_confusion
18f08c2f28,da6d1,3.2,कमिटीमा रहेर,कमितमा रहेर,oov_rare_vocabulary;phonetic_confusion
14f5917160,da6d1,2.5,कसैले पनि,कसले बनि,noise_degradation;oov_rare_vocabulary;phonetic_confusion
d631cfe3d4,da6d1,3.8,कार्यक्रमहरूमा सहभागी हुने,कादेक्रमहरूमा सहवबागी उने,noise_degradation;oov_rare_vocabulary;phonetic_confusion
74a1272119,da6d1,3.2,कि जस दलको,कि जस तलको,oov_rare_vocabulary;phonetic_confusion
097667d69b,da6d1,2.8,कुनै पनि लेख,कुनैबन इलेक,noise_degradation;oov_rare_vocabulary;phonetic_confusion
0feebb97fd,da6d1,4.7,केही गीतहरू कव्वालीको,क्यगितहरू कवालिको,noise_degradation;oov_rare_vocabulary;phonetic_confusion
3381cade9f,da6d1,4.6,क्षेत्रका स्थानीयवासीको उपचारमा,क्षेत्रकास्तानियबासीको उपचारमा,oov_rare_vocabulary;phonetic_confusion
18e1dfcdad,da6d1,3.7,क्षेत्र भेरी अञ्चलको,क्षेत्र बेरी अन्छलको,oov_rare_vocabulary;phonetic_confusion
171680159a,da6d1,4.2,क्षेत्रसँग जोडेका छन्,क्षेत्तसंग जोडेका छन्,oov_rare_vocabulary;phonetic_confusion
31d7c962ae,da6d1,3.5,गराउन तपाईँले थालेको,घराउन तपाइले थालेको,oov_rare_vocabulary;phonetic_confusion
d2002fdc6c,da6d1,3.3,गर्छु अनि नाम,घर्छ अनिनाम,noise_degradation;oov_rare_vocabulary;phonetic_confusion
757995baef,da6d1,2.9,गर्न सक्ने छन्,घर्नो सकने छन्,oov_rare_vocabulary;phonetic_confusion
702dc92557,da6d1,3.9,गोरखा राज्यको विस्तारबाट,कर्खाराजीको विस्तारबाट,oov_rare_vocabulary;phonetic_confusion
84be64db9b,da6d1,4.1,गोर्खाली दुधालु रसिलो,घर्खाली दूदालू रसीलो,noise_degradation;oov_rare_vocabulary;phonetic_confusion
3ec785591d,da6d1,4.1,चन्द्रबिन्दु लगाउन सिफ्ट,चन्दमिन्दूलगाउनो सिफ्त,noise_degradation;oov_rare_vocabulary;phonetic_confusion
d7fad1e9a4,da6d1,4.2,चराचुरुङ्गी लेकतिरबाट बेसीतिर,क्षराकोनुङ्गी लेक चिराबाट वेसितिरा,noise_degradation;oov_rare_vocabulary;phonetic_confusion
d8b3a0b1d0,da6d1,3.7,चाहेको मात्र थिएँ,चाहाएको मात्त थिए,noise_degradation;oov_rare_vocabulary;phonetic_confusion
766591ebf1,da6d1,3.5,चोट लागेर लड्न,चोटलागालार लड्ना,noise_degradation;oov_rare_vocabulary;phonetic_confusion
1f6bde385f,da6d1,3.7,चौतारा नगरपालिका,४४ आर्पालिका,noise_degradation;oov_rare_vocabulary;phonetic_confusion
75d72b0f35,da6d1,3.1,छिर्ने गर्दछन्,क्षिन्ने गर्द छन्,noise_degradation;oov_rare_vocabulary;phonetic_confusion
1272c9113c,da6d1,4.3,छोराछोरी नातिनातिना समेत,छोराचोरी नातिनातिना समेत,oov_rare_vocabulary;phonetic_confusion
169d36d68b,da6d1,2.8,ज त जा,जत जा,other
dc3d4a3a81,da6d1,4.2,जातीय स्वायत्त राज्यहरूको,जातिय स्वाइत्त राज्यहरूको,oov_rare_vocabulary;phonetic_confusion
7cbf613bcf,da6d1,4.0,जानुहुनेछ भन्ने आशा छ,जानो हुनेछ भन्यासासा,noise_degradation;oov_rare_vocabulary;phonetic_confusion
88b002d681,da6d1,3.6,जिल्ला अध्यक्ष बन्नुभयो,जिल्लाआदक्य बन्नुभयो,oov_rare_vocabulary;phonetic_confusion
0424597517,da6d1,3.5,जीवनको सुरुवात गर्ने,जीवनको सूरूवाद गर्ने,oov_rare_vocabulary;phonetic_confusion
7c523e47d4,da6d1,2.6,जेलमा राखियो,जेलमा राखियो,other
791f336331,da6d1,4.2,तगडा समर्थन मिल्यो,तगढा समर्थन मिल्लो,oov_rare_vocabulary;phonetic_confusion
829d73123f,da6d1,3.8,तरङ्ग लम्बाइ श्वेत,तरङ्ग लम्बाई स्वयत,oov_rare_vocabulary;phonetic_confusion
7e3d6c440b,da6d1,3.8,तिब्बती संविधानमा संशोधन,तिवबत्य सम्विदामा सम्सोदन,noise_degradation;oov_rare_vocabulary;phonetic_confusion
3449b7f5ce,da6d1,4.2,त्यसको लागि पोपको,त्यसको लागी पोपको,oov_rare_vocabulary;phonetic_confusion
896f3f60c0,da6d1,3.0,त्यसबाट थाहा हुन्छ,त्यसमात थाहाँन्छ,noise_degradation;oov_rare_vocabulary;phonetic_confusion
13a5a88f84,da6d1,3.3,त्यसैले उनलाई सानै,त्यसले १९५,dialect_accent;noise_degradation;oov_rare_vocabulary;phonetic_confusion
32a0098f11,da6d1,2.9,थारू समाजमा तबदेखि,थारो समाजमा तबदेखि,oov_rare_vocabulary;phonetic_confusion
1987cd8473,da6d1,2.4,दान गर्न,बान गर्न,phonetic_confusion
7aff7a8c5d,da6d1,2.7,दिएको बताए,देएको बताए,oov_rare_vocabulary;phonetic_confusion
d9f339d7ff,da6d1,3.9,दिन दीप प्रज्ज्वलन,दिन्ती प्रज्वलन,noise_degradation;oov_rare_vocabulary;phonetic_confusion
88a3584a02,da6d1,3.0,दौड वा रन लिँदा,दोड्वा रनलिदा,noise_degradation;oov_rare_vocabulary;phonetic_confusion
d626fd3996,da6d1,3.7,धार्मिक चाडपर्वको साथै,धार्मिक चार्पर्प्र वर्दो साथै,oov_rare_vocabulary;phonetic_confusion
df8dde44c4,da6d1,2.8,धार्मिक पुस्तक हो,ठामिक पुस्तको,noise_degradation;oov_rare_vocabulary;phonetic_confusion
d9931e19ec,da6d1,3.9,नभएर उसको परिवार,नबाएर उसको परिवार,oov_rare_vocabulary;phonetic_confusion
d5edf43f56,da6d1,4.7,नसकिदासम्म भान्जा सम्झी,नसकिदासम्मा भान्जासम्सी,noise_degradation;oov_rare_vocabulary;phonetic_confusion
1dd57dfb74,da6d1,3.8,निरन्तर प्रभावसाली प्रदर्शनहरूको,निर्न्तर प्रबाव सारी प्रदसनाहरूको,noise_degradation;oov_rare_vocabulary;phonetic_confusion
dc4c102821,da6d1,4.1,निर्माण सम्बन्धमा जानकारी,निरमान सम्बन्दमा जामकारी,noise_degradation;oov_rare_vocabulary;phonetic_confusion
7435819184,da6d1,3.6,निवारण सन्तान लाभ,निमारन चन्तानलाव,noise_degradation;oov_rare_vocabulary;phonetic_confusion
1849a12485,da6d1,4.1,नेपाल महासचिव हुनुहुन्थ्यो,नेपाल महास चोचिप हुनुहुन्त्यो,noise_degradation;oov_rare_vocabulary;phonetic_confusion
83d4ae14c5,da6d1,3.7,नेपालीमा यस्तै हुन्छ,नेपालीमा यस्तै फुन्छ,oov_rare_vocabulary;phonetic_confusion
197a217d49,da6d1,3.2,नेपाली मेरो मातृभाषा,नेपाली मेरो मात्त्रीभाषा,oov_rare_vocabulary;phonetic_confusion
768c774431,da6d1,2.9,पश्चिम नेपालको,पश्विम निपालको,noise_degradation;oov_rare_vocabulary;phonetic_confusion
80ef4cdb74,da6d1,4.1,प्रतिदिन लोटस टेम्पलमा,प्रतिदिन लोटस तेम्पलमा,oov_rare_vocabulary;phonetic_confusion
196f84ed1c,da6d1,3.5,प्रसारको कारण हुन्छ,प्रसालको कारण हुन्छ,oov_rare_vocabulary;phonetic_confusion
